[{"timestamp":1679997427931,"files":[{"filename":"route-notfound.chunk.c2e10.css","previous":65,"size":65,"diff":0},{"filename":"sw.js","previous":10962,"size":10959,"diff":-3},{"filename":"index.html","previous":1675,"size":1607,"diff":-68},{"filename":"200.html","previous":710,"size":710,"diff":0},{"filename":"doc/index.html","previous":1675,"size":1604,"diff":-71},{"filename":"over/index.html","previous":1678,"size":1607,"diff":-71},{"filename":"dump/index.html","previous":1673,"size":1602,"diff":-71},{"filename":"route-doc~route-test.chunk.ca058.css","previous":693,"size":693,"diff":0},{"filename":"route-doc.chunk.4d018.css","previous":396,"size":396,"diff":0},{"filename":"route-test.chunk.14b86.css","previous":395,"size":395,"diff":0},{"filename":"bundle.25d04.css","previous":836,"size":836,"diff":0},{"filename":"route-home.chunk.bb791.css","previous":1413,"size":1413,"diff":0},{"filename":"route-doc~route-test.chunk.*****.js","previous":4313,"size":4313,"diff":0},{"filename":"bundle.*****.js","previous":14901,"size":14901,"diff":0},{"filename":"polyfills.*****.js","previous":2233,"size":2233,"diff":0},{"filename":"route-doc.chunk.*****.js","previous":1928,"size":1928,"diff":0},{"filename":"route-home.chunk.*****.js","previous":5686,"size":5595,"diff":-91},{"filename":"route-notfound.chunk.*****.js","previous":257,"size":257,"diff":0},{"filename":"route-test.chunk.*****.js","previous":1945,"size":1945,"diff":0},{"filename":"route-over.chunk.36585.css","previous":359,"size":359,"diff":0},{"filename":"route-over.chunk.*****.js","previous":1732,"size":1732,"diff":0}]},{"timestamp":1671456642833,"files":[{"filename":"route-notfound.chunk.c2e10.css","previous":65,"size":65,"diff":0},{"filename":"sw.js","previous":10940,"size":10962,"diff":22},{"filename":"index.html","previous":1692,"size":1675,"diff":-17},{"filename":"200.html","previous":710,"size":710,"diff":0},{"filename":"doc/index.html","previous":1689,"size":1675,"diff":-14},{"filename":"over/index.html","previous":1689,"size":1678,"diff":-11},{"filename":"dump/index.html","previous":1685,"size":1673,"diff":-12},{"filename":"route-doc~route-test.chunk.ca058.css","previous":693,"size":693,"diff":0},{"filename":"route-doc.chunk.4d018.css","previous":396,"size":396,"diff":0},{"filename":"route-test.chunk.14b86.css","previous":395,"size":395,"diff":0},{"filename":"bundle.25d04.css","previous":836,"size":836,"diff":0},{"filename":"route-home.chunk.bb791.css","previous":1413,"size":1413,"diff":0},{"filename":"route-doc~route-test.chunk.*****.js","previous":4313,"size":4313,"diff":0},{"filename":"bundle.*****.js","previous":14845,"size":14901,"diff":56},{"filename":"polyfills.*****.js","previous":2233,"size":2233,"diff":0},{"filename":"route-doc.chunk.*****.js","previous":1928,"size":1928,"diff":0},{"filename":"route-home.chunk.*****.js","previous":5686,"size":5686,"diff":0},{"filename":"route-notfound.chunk.*****.js","previous":257,"size":257,"diff":0},{"filename":"route-test.chunk.*****.js","previous":1945,"size":1945,"diff":0},{"filename":"route-over.chunk.36585.css","previous":0,"size":359,"diff":359},{"filename":"route-over.chunk.*****.js","previous":0,"size":1732,"diff":1732}]},{"timestamp":1671456057821,"files":[{"filename":"route-notfound.chunk.c2e10.css","previous":65,"size":65,"diff":0},{"filename":"sw.js","previous":10944,"size":10940,"diff":-4},{"filename":"index.html","previous":1639,"size":1692,"diff":53},{"filename":"200.html","previous":710,"size":710,"diff":0},{"filename":"doc/index.html","previous":1637,"size":1689,"diff":52},{"filename":"over/index.html","previous":1636,"size":1689,"diff":53},{"filename":"dump/index.html","previous":1633,"size":1685,"diff":52},{"filename":"route-doc~route-test.chunk.ca058.css","previous":693,"size":693,"diff":0},{"filename":"route-doc.chunk.4d018.css","previous":396,"size":396,"diff":0},{"filename":"route-test.chunk.14b86.css","previous":395,"size":395,"diff":0},{"filename":"bundle.25d04.css","previous":836,"size":836,"diff":0},{"filename":"route-home.chunk.bb791.css","previous":1413,"size":1413,"diff":0},{"filename":"route-doc~route-test.chunk.*****.js","previous":4313,"size":4313,"diff":0},{"filename":"bundle.*****.js","previous":14846,"size":14845,"diff":-1},{"filename":"polyfills.*****.js","previous":2233,"size":2233,"diff":0},{"filename":"route-doc.chunk.*****.js","previous":1928,"size":1928,"diff":0},{"filename":"route-home.chunk.*****.js","previous":5642,"size":5686,"diff":44},{"filename":"route-notfound.chunk.*****.js","previous":257,"size":257,"diff":0},{"filename":"route-test.chunk.*****.js","previous":1945,"size":1945,"diff":0}]},{"timestamp":1671451557432,"files":[{"filename":"bundle.*****.esm.js","previous":14123,"size":0,"diff":-14123},{"filename":"polyfills.*****.esm.js","previous":2150,"size":0,"diff":-2150},{"filename":"route-home.chunk.*****.esm.js","previous":4546,"size":0,"diff":-4546},{"filename":"route-notfound.chunk.c2e10.css","previous":65,"size":65,"diff":0},{"filename":"route-notfound.chunk.*****.esm.js","previous":250,"size":0,"diff":-250},{"filename":"route-over.chunk.*****.esm.js","previous":1730,"size":0,"diff":-1730},{"filename":"sw-esm.js","previous":10956,"size":0,"diff":-10956},{"filename":"sw.js","previous":10956,"size":10944,"diff":-12},{"filename":"index.html","previous":1672,"size":1639,"diff":-33},{"filename":"200.html","previous":745,"size":710,"diff":-35},{"filename":"route-doc.chunk.*****.esm.js","previous":4333,"size":0,"diff":-4333},{"filename":"doc/index.html","previous":1669,"size":1637,"diff":-32},{"filename":"over/index.html","previous":1668,"size":1636,"diff":-32},{"filename":"dump/index.html","previous":1665,"size":1633,"diff":-32},{"filename":"route-over.chunk.36585.css","previous":359,"size":0,"diff":-359},{"filename":"route-doc.chunk.709f8.css","previous":916,"size":0,"diff":-916},{"filename":"route-test.chunk.763a7.css","previous":911,"size":0,"diff":-911},{"filename":"route-test.chunk.*****.esm.js","previous":4346,"size":0,"diff":-4346},{"filename":"route-doc~route-test.chunk.ca058.css","previous":693,"size":693,"diff":0},{"filename":"polyfills.8bef4.js","previous":2252,"size":0,"diff":-2252},{"filename":"route-doc.chunk.4d018.css","previous":396,"size":396,"diff":0},{"filename":"route-doc.chunk.d2fae.js","previous":1928,"size":0,"diff":-1928},{"filename":"route-notfound.chunk.bfa63.js","previous":256,"size":0,"diff":-256},{"filename":"route-over.chunk.1da9b.js","previous":1732,"size":0,"diff":-1732},{"filename":"route-test.chunk.14b86.css","previous":395,"size":395,"diff":0},{"filename":"route-test.chunk.d90c2.js","previous":1945,"size":0,"diff":-1945},{"filename":"route-doc~route-test.chunk.98212.js","previous":4312,"size":0,"diff":-4312},{"filename":"bundle.25d04.css","previous":836,"size":836,"diff":0},{"filename":"route-home.chunk.bb791.css","previous":1413,"size":1413,"diff":0},{"filename":"bundle.a68fa.js","previous":14505,"size":0,"diff":-14505},{"filename":"route-home.chunk.08103.js","previous":5637,"size":0,"diff":-5637},{"filename":"route-doc~route-test.chunk.*****.js","previous":0,"size":4313,"diff":4313},{"filename":"bundle.*****.js","previous":0,"size":14846,"diff":14846},{"filename":"polyfills.*****.js","previous":0,"size":2233,"diff":2233},{"filename":"route-doc.chunk.*****.js","previous":0,"size":1928,"diff":1928},{"filename":"route-home.chunk.*****.js","previous":0,"size":5642,"diff":5642},{"filename":"route-notfound.chunk.*****.js","previous":0,"size":257,"diff":257},{"filename":"route-test.chunk.*****.js","previous":0,"size":1945,"diff":1945}]},{"timestamp":1657528903411,"files":[{"filename":"bundle.*****.esm.js","previous":14124,"size":14123,"diff":-1},{"filename":"polyfills.*****.esm.js","previous":2150,"size":2150,"diff":0},{"filename":"route-home.chunk.*****.esm.js","previous":4429,"size":4546,"diff":117},{"filename":"route-notfound.chunk.c2e10.css","previous":65,"size":65,"diff":0},{"filename":"route-notfound.chunk.*****.esm.js","previous":250,"size":250,"diff":0},{"filename":"route-over.chunk.*****.esm.js","previous":1730,"size":1730,"diff":0},{"filename":"sw-esm.js","previous":10691,"size":10956,"diff":265},{"filename":"sw.js","previous":10692,"size":10956,"diff":264},{"filename":"index.html","previous":1672,"size":1672,"diff":0},{"filename":"200.html","previous":741,"size":745,"diff":4},{"filename":"route-doc.chunk.*****.esm.js","previous":4333,"size":4333,"diff":0},{"filename":"doc/index.html","previous":1671,"size":1669,"diff":-2},{"filename":"over/index.html","previous":1667,"size":1668,"diff":1},{"filename":"dump/index.html","previous":1664,"size":1665,"diff":1},{"filename":"route-over.chunk.36585.css","previous":359,"size":359,"diff":0},{"filename":"bundle.abfd8.css","previous":819,"size":0,"diff":-819},{"filename":"route-doc.chunk.709f8.css","previous":916,"size":916,"diff":0},{"filename":"route-test.chunk.763a7.css","previous":911,"size":911,"diff":0},{"filename":"route-test.chunk.*****.esm.js","previous":4346,"size":4346,"diff":0},{"filename":"route-doc~route-test.chunk.ca058.css","previous":693,"size":693,"diff":0},{"filename":"polyfills.8bef4.js","previous":2252,"size":2252,"diff":0},{"filename":"route-doc.chunk.4d018.css","previous":396,"size":396,"diff":0},{"filename":"route-doc.chunk.d2fae.js","previous":1928,"size":1928,"diff":0},{"filename":"route-notfound.chunk.bfa63.js","previous":256,"size":256,"diff":0},{"filename":"route-over.chunk.1da9b.js","previous":1732,"size":1732,"diff":0},{"filename":"route-test.chunk.14b86.css","previous":395,"size":395,"diff":0},{"filename":"route-test.chunk.d90c2.js","previous":1945,"size":1945,"diff":0},{"filename":"route-home.chunk.a34b1.css","previous":1303,"size":0,"diff":-1303},{"filename":"route-doc~route-test.chunk.98212.js","previous":4312,"size":4312,"diff":0},{"filename":"bundle.6c7af.js","previous":14504,"size":0,"diff":-14504},{"filename":"route-home.chunk.7fffa.js","previous":5524,"size":0,"diff":-5524},{"filename":"bundle.25d04.css","previous":0,"size":836,"diff":836},{"filename":"route-home.chunk.bb791.css","previous":0,"size":1413,"diff":1413},{"filename":"bundle.a68fa.js","previous":0,"size":14505,"diff":14505},{"filename":"route-home.chunk.08103.js","previous":0,"size":5637,"diff":5637}]},{"timestamp":1656241242631,"files":[{"filename":"bundle.*****.esm.js","previous":14123,"size":14124,"diff":1},{"filename":"polyfills.*****.esm.js","previous":2150,"size":2150,"diff":0},{"filename":"route-home.chunk.*****.esm.js","previous":4344,"size":4429,"diff":85},{"filename":"route-notfound.chunk.c2e10.css","previous":65,"size":65,"diff":0},{"filename":"route-notfound.chunk.*****.esm.js","previous":250,"size":250,"diff":0},{"filename":"route-over.chunk.*****.esm.js","previous":1730,"size":1730,"diff":0},{"filename":"sw-esm.js","previous":10687,"size":10691,"diff":4},{"filename":"sw.js","previous":10692,"size":10692,"diff":0},{"filename":"index.html","previous":1669,"size":1672,"diff":3},{"filename":"200.html","previous":741,"size":741,"diff":0},{"filename":"route-doc.chunk.*****.esm.js","previous":4333,"size":4333,"diff":0},{"filename":"doc/index.html","previous":1671,"size":1671,"diff":0},{"filename":"over/index.html","previous":1670,"size":1667,"diff":-3},{"filename":"dump/index.html","previous":1666,"size":1664,"diff":-2},{"filename":"route-over.chunk.36585.css","previous":359,"size":359,"diff":0},{"filename":"bundle.abfd8.css","previous":819,"size":819,"diff":0},{"filename":"route-doc.chunk.709f8.css","previous":916,"size":916,"diff":0},{"filename":"route-test.chunk.763a7.css","previous":911,"size":911,"diff":0},{"filename":"route-test.chunk.*****.esm.js","previous":4346,"size":4346,"diff":0},{"filename":"route-doc~route-test.chunk.ca058.css","previous":693,"size":693,"diff":0},{"filename":"route-doc~route-test.chunk.ed72d.js","previous":4312,"size":0,"diff":-4312},{"filename":"polyfills.8bef4.js","previous":2252,"size":2252,"diff":0},{"filename":"route-doc.chunk.4d018.css","previous":396,"size":396,"diff":0},{"filename":"route-doc.chunk.d2fae.js","previous":1928,"size":1928,"diff":0},{"filename":"route-notfound.chunk.bfa63.js","previous":256,"size":256,"diff":0},{"filename":"route-over.chunk.1da9b.js","previous":1732,"size":1732,"diff":0},{"filename":"route-test.chunk.14b86.css","previous":395,"size":395,"diff":0},{"filename":"route-test.chunk.d90c2.js","previous":1945,"size":1945,"diff":0},{"filename":"route-home.chunk.27ace.css","previous":1169,"size":0,"diff":-1169},{"filename":"bundle.dd35e.js","previous":14501,"size":0,"diff":-14501},{"filename":"route-home.chunk.db40d.js","previous":5424,"size":0,"diff":-5424},{"filename":"route-home.chunk.a34b1.css","previous":0,"size":1303,"diff":1303},{"filename":"route-doc~route-test.chunk.98212.js","previous":0,"size":4312,"diff":4312},{"filename":"bundle.6c7af.js","previous":0,"size":14504,"diff":14504},{"filename":"route-home.chunk.7fffa.js","previous":0,"size":5524,"diff":5524}]},{"timestamp":1656157719530,"files":[{"filename":"bundle.*****.esm.js","previous":14126,"size":14123,"diff":-3},{"filename":"polyfills.*****.esm.js","previous":2150,"size":2150,"diff":0},{"filename":"route-home.chunk.*****.esm.js","previous":4104,"size":4344,"diff":240},{"filename":"route-notfound.chunk.c2e10.css","previous":65,"size":65,"diff":0},{"filename":"route-notfound.chunk.*****.esm.js","previous":250,"size":250,"diff":0},{"filename":"route-over.chunk.*****.esm.js","previous":1730,"size":1730,"diff":0},{"filename":"sw-esm.js","previous":10955,"size":10687,"diff":-268},{"filename":"sw.js","previous":10959,"size":10692,"diff":-267},{"filename":"index.html","previous":1645,"size":1669,"diff":24},{"filename":"200.html","previous":745,"size":741,"diff":-4},{"filename":"route-doc.chunk.*****.esm.js","previous":4333,"size":4333,"diff":0},{"filename":"doc/index.html","previous":1643,"size":1671,"diff":28},{"filename":"over/index.html","previous":1639,"size":1670,"diff":31},{"filename":"dump/index.html","previous":1638,"size":1666,"diff":28},{"filename":"route-over.chunk.36585.css","previous":359,"size":359,"diff":0},{"filename":"bundle.abfd8.css","previous":819,"size":819,"diff":0},{"filename":"route-home.chunk.922f7.css","previous":1137,"size":0,"diff":-1137},{"filename":"route-doc.chunk.709f8.css","previous":916,"size":916,"diff":0},{"filename":"route-test.chunk.763a7.css","previous":911,"size":911,"diff":0},{"filename":"route-test.chunk.*****.esm.js","previous":4346,"size":4346,"diff":0},{"filename":"route-doc~route-test.chunk.ca058.css","previous":693,"size":693,"diff":0},{"filename":"route-doc~route-test.chunk.ed72d.js","previous":4312,"size":4312,"diff":0},{"filename":"bundle.92feb.js","previous":14505,"size":0,"diff":-14505},{"filename":"polyfills.8bef4.js","previous":2252,"size":2252,"diff":0},{"filename":"route-doc.chunk.4d018.css","previous":396,"size":396,"diff":0},{"filename":"route-doc.chunk.d2fae.js","previous":1928,"size":1928,"diff":0},{"filename":"route-home.chunk.09734.js","previous":4900,"size":0,"diff":-4900},{"filename":"route-notfound.chunk.bfa63.js","previous":256,"size":256,"diff":0},{"filename":"route-over.chunk.1da9b.js","previous":1732,"size":1732,"diff":0},{"filename":"route-test.chunk.14b86.css","previous":395,"size":395,"diff":0},{"filename":"route-test.chunk.d90c2.js","previous":1945,"size":1945,"diff":0},{"filename":"route-home.chunk.27ace.css","previous":0,"size":1169,"diff":1169},{"filename":"bundle.dd35e.js","previous":0,"size":14501,"diff":14501},{"filename":"route-home.chunk.db40d.js","previous":0,"size":5424,"diff":5424}]},{"timestamp":1652290678866,"files":[{"filename":"bundle.*****.esm.js","previous":14079,"size":14126,"diff":47},{"filename":"polyfills.*****.esm.js","previous":2150,"size":2150,"diff":0},{"filename":"route-home.chunk.*****.esm.js","previous":4087,"size":4104,"diff":17},{"filename":"route-notfound.chunk.c2e10.css","previous":65,"size":65,"diff":0},{"filename":"route-notfound.chunk.*****.esm.js","previous":250,"size":250,"diff":0},{"filename":"route-over.chunk.*****.esm.js","previous":1730,"size":1730,"diff":0},{"filename":"sw-esm.js","previous":10904,"size":10955,"diff":51},{"filename":"sw.js","previous":10901,"size":10959,"diff":58},{"filename":"polyfills.e0557.js","previous":2252,"size":0,"diff":-2252},{"filename":"index.html","previous":1644,"size":1645,"diff":1},{"filename":"200.html","previous":743,"size":745,"diff":2},{"filename":"route-doc.chunk.*****.esm.js","previous":4169,"size":4333,"diff":164},{"filename":"route-notfound.chunk.8d38b.js","previous":255,"size":0,"diff":-255},{"filename":"doc/index.html","previous":1642,"size":1643,"diff":1},{"filename":"over/index.html","previous":1638,"size":1639,"diff":1},{"filename":"dump/index.html","previous":1637,"size":1638,"diff":1},{"filename":"route-over.chunk.36585.css","previous":359,"size":359,"diff":0},{"filename":"bundle.abfd8.css","previous":819,"size":819,"diff":0},{"filename":"route-doc.chunk.d4012.css","previous":864,"size":0,"diff":-864},{"filename":"route-doc.chunk.b023b.js","previous":5244,"size":0,"diff":-5244},{"filename":"route-over.chunk.e5518.js","previous":1732,"size":0,"diff":-1732},{"filename":"route-home.chunk.922f7.css","previous":1137,"size":1137,"diff":0},{"filename":"bundle.218eb.js","previous":14421,"size":0,"diff":-14421},{"filename":"route-home.chunk.28178.js","previous":4889,"size":0,"diff":-4889},{"filename":"route-doc.chunk.709f8.css","previous":0,"size":916,"diff":916},{"filename":"route-test.chunk.763a7.css","previous":0,"size":911,"diff":911},{"filename":"route-test.chunk.*****.esm.js","previous":0,"size":4346,"diff":4346},{"filename":"route-doc~route-test.chunk.ca058.css","previous":0,"size":693,"diff":693},{"filename":"route-doc~route-test.chunk.ed72d.js","previous":0,"size":4312,"diff":4312},{"filename":"bundle.92feb.js","previous":0,"size":14505,"diff":14505},{"filename":"polyfills.8bef4.js","previous":0,"size":2252,"diff":2252},{"filename":"route-doc.chunk.4d018.css","previous":0,"size":396,"diff":396},{"filename":"route-doc.chunk.d2fae.js","previous":0,"size":1928,"diff":1928},{"filename":"route-home.chunk.09734.js","previous":0,"size":4900,"diff":4900},{"filename":"route-notfound.chunk.bfa63.js","previous":0,"size":256,"diff":256},{"filename":"route-over.chunk.1da9b.js","previous":0,"size":1732,"diff":1732},{"filename":"route-test.chunk.14b86.css","previous":0,"size":395,"diff":395},{"filename":"route-test.chunk.d90c2.js","previous":0,"size":1945,"diff":1945}]},{"timestamp":1652281376405,"files":[{"filename":"bundle.*****.esm.js","previous":14080,"size":14079,"diff":-1},{"filename":"polyfills.*****.esm.js","previous":2150,"size":2150,"diff":0},{"filename":"route-home.chunk.*****.esm.js","previous":3796,"size":4087,"diff":291},{"filename":"route-notfound.chunk.c2e10.css","previous":65,"size":65,"diff":0},{"filename":"route-notfound.chunk.*****.esm.js","previous":250,"size":250,"diff":0},{"filename":"route-over.chunk.*****.esm.js","previous":1730,"size":1730,"diff":0},{"filename":"sw-esm.js","previous":10904,"size":10904,"diff":0},{"filename":"sw.js","previous":10902,"size":10901,"diff":-1},{"filename":"polyfills.e0557.js","previous":2252,"size":2252,"diff":0},{"filename":"index.html","previous":1642,"size":1644,"diff":2},{"filename":"200.html","previous":744,"size":743,"diff":-1},{"filename":"route-doc.chunk.*****.esm.js","previous":4169,"size":4169,"diff":0},{"filename":"route-notfound.chunk.8d38b.js","previous":255,"size":255,"diff":0},{"filename":"doc/index.html","previous":1640,"size":1642,"diff":2},{"filename":"over/index.html","previous":1638,"size":1638,"diff":0},{"filename":"dump/index.html","previous":1636,"size":1637,"diff":1},{"filename":"route-over.chunk.36585.css","previous":359,"size":359,"diff":0},{"filename":"bundle.abfd8.css","previous":819,"size":819,"diff":0},{"filename":"route-home.chunk.67bc0.css","previous":1058,"size":0,"diff":-1058},{"filename":"route-home.chunk.20738.js","previous":4598,"size":0,"diff":-4598},{"filename":"route-doc.chunk.d4012.css","previous":864,"size":864,"diff":0},{"filename":"route-doc.chunk.b023b.js","previous":5244,"size":5244,"diff":0},{"filename":"bundle.8426c.js","previous":14420,"size":0,"diff":-14420},{"filename":"route-over.chunk.e5518.js","previous":1732,"size":1732,"diff":0},{"filename":"route-home.chunk.922f7.css","previous":0,"size":1137,"diff":1137},{"filename":"bundle.218eb.js","previous":0,"size":14421,"diff":14421},{"filename":"route-home.chunk.28178.js","previous":0,"size":4889,"diff":4889}]},{"timestamp":1652032939093,"files":[{"filename":"bundle.*****.esm.js","previous":14081,"size":14080,"diff":-1},{"filename":"polyfills.*****.esm.js","previous":2150,"size":2150,"diff":0},{"filename":"route-home.chunk.*****.esm.js","previous":3796,"size":3796,"diff":0},{"filename":"route-notfound.chunk.c2e10.css","previous":65,"size":65,"diff":0},{"filename":"route-notfound.chunk.*****.esm.js","previous":250,"size":250,"diff":0},{"filename":"route-over.chunk.*****.esm.js","previous":1728,"size":1730,"diff":2},{"filename":"sw-esm.js","previous":10876,"size":10904,"diff":28},{"filename":"sw.js","previous":10871,"size":10902,"diff":31},{"filename":"polyfills.e0557.js","previous":2252,"size":2252,"diff":0},{"filename":"index.html","previous":1642,"size":1642,"diff":0},{"filename":"200.html","previous":744,"size":744,"diff":0},{"filename":"route-doc.chunk.*****.esm.js","previous":4169,"size":4169,"diff":0},{"filename":"route-notfound.chunk.8d38b.js","previous":255,"size":255,"diff":0},{"filename":"doc/index.html","previous":1641,"size":1640,"diff":-1},{"filename":"over/index.html","previous":1639,"size":1638,"diff":-1},{"filename":"dump/index.html","previous":1638,"size":1636,"diff":-2},{"filename":"route-over.chunk.36585.css","previous":359,"size":359,"diff":0},{"filename":"route-over.chunk.6b67f.js","previous":1729,"size":0,"diff":-1729},{"filename":"bundle.abfd8.css","previous":819,"size":819,"diff":0},{"filename":"route-home.chunk.67bc0.css","previous":1058,"size":1058,"diff":0},{"filename":"route-home.chunk.20738.js","previous":4598,"size":4598,"diff":0},{"filename":"route-doc.chunk.d4012.css","previous":864,"size":864,"diff":0},{"filename":"bundle.578d0.js","previous":14421,"size":0,"diff":-14421},{"filename":"route-doc.chunk.b023b.js","previous":5244,"size":5244,"diff":0},{"filename":"bundle.8426c.js","previous":0,"size":14420,"diff":14420},{"filename":"route-over.chunk.e5518.js","previous":0,"size":1732,"diff":1732}]},{"timestamp":1652031594611,"files":[{"filename":"bundle.*****.esm.js","previous":14041,"size":14081,"diff":40},{"filename":"polyfills.*****.esm.js","previous":2150,"size":2150,"diff":0},{"filename":"route-home.chunk.*****.esm.js","previous":3796,"size":3796,"diff":0},{"filename":"route-notfound.chunk.c2e10.css","previous":65,"size":65,"diff":0},{"filename":"route-notfound.chunk.*****.esm.js","previous":250,"size":250,"diff":0},{"filename":"route-over.chunk.*****.esm.js","previous":1728,"size":1728,"diff":0},{"filename":"sw-esm.js","previous":10602,"size":10876,"diff":274},{"filename":"sw.js","previous":10597,"size":10871,"diff":274},{"filename":"polyfills.e0557.js","previous":2252,"size":2252,"diff":0},{"filename":"index.html","previous":1644,"size":1642,"diff":-2},{"filename":"200.html","previous":742,"size":744,"diff":2},{"filename":"route-doc.chunk.*****.esm.js","previous":3641,"size":4169,"diff":528},{"filename":"route-doc.chunk.6bde8.css","previous":838,"size":0,"diff":-838},{"filename":"route-notfound.chunk.8d38b.js","previous":255,"size":255,"diff":0},{"filename":"doc/index.html","previous":1642,"size":1641,"diff":-1},{"filename":"over/index.html","previous":1639,"size":1639,"diff":0},{"filename":"dump/index.html","previous":1638,"size":1638,"diff":0},{"filename":"route-over.chunk.36585.css","previous":359,"size":359,"diff":0},{"filename":"route-over.chunk.6b67f.js","previous":1729,"size":1729,"diff":0},{"filename":"bundle.abfd8.css","previous":819,"size":819,"diff":0},{"filename":"route-home.chunk.67bc0.css","previous":1058,"size":1058,"diff":0},{"filename":"bundle.e6b2b.js","previous":14383,"size":0,"diff":-14383},{"filename":"route-doc.chunk.a9375.js","previous":4620,"size":0,"diff":-4620},{"filename":"route-home.chunk.20738.js","previous":4598,"size":4598,"diff":0},{"filename":"route-doc.chunk.d4012.css","previous":0,"size":864,"diff":864},{"filename":"bundle.578d0.js","previous":0,"size":14421,"diff":14421},{"filename":"route-doc.chunk.b023b.js","previous":0,"size":5244,"diff":5244}]},{"timestamp":1647101411109,"files":[{"filename":"bundle.*****.esm.js","previous":14020,"size":14041,"diff":21},{"filename":"polyfills.*****.esm.js","previous":2150,"size":2150,"diff":0},{"filename":"route-home.chunk.*****.esm.js","previous":3695,"size":3796,"diff":101},{"filename":"route-notfound.chunk.c2e10.css","previous":65,"size":65,"diff":0},{"filename":"route-notfound.chunk.*****.esm.js","previous":250,"size":250,"diff":0},{"filename":"route-over.chunk.*****.esm.js","previous":1728,"size":1728,"diff":0},{"filename":"sw-esm.js","previous":10838,"size":10602,"diff":-236},{"filename":"sw.js","previous":10831,"size":10597,"diff":-234},{"filename":"polyfills.e0557.js","previous":2252,"size":2252,"diff":0},{"filename":"index.html","previous":1647,"size":1644,"diff":-3},{"filename":"200.html","previous":746,"size":742,"diff":-4},{"filename":"route-doc.chunk.*****.esm.js","previous":3650,"size":3641,"diff":-9},{"filename":"route-doc.chunk.6bde8.css","previous":838,"size":838,"diff":0},{"filename":"route-notfound.chunk.8d38b.js","previous":255,"size":255,"diff":0},{"filename":"doc/index.html","previous":1645,"size":1642,"diff":-3},{"filename":"over/index.html","previous":1640,"size":1639,"diff":-1},{"filename":"dump/index.html","previous":1640,"size":1638,"diff":-2},{"filename":"bundle.329fa.css","previous":806,"size":0,"diff":-806},{"filename":"route-home.chunk.21b0e.css","previous":982,"size":0,"diff":-982},{"filename":"route-over.chunk.36585.css","previous":359,"size":359,"diff":0},{"filename":"route-doc.chunk.094c0.js","previous":4632,"size":0,"diff":-4632},{"filename":"route-home.chunk.9db69.js","previous":4493,"size":0,"diff":-4493},{"filename":"route-over.chunk.6b67f.js","previous":1729,"size":1729,"diff":0},{"filename":"bundle.32f80.js","previous":14362,"size":0,"diff":-14362},{"filename":"bundle.abfd8.css","previous":0,"size":819,"diff":819},{"filename":"route-home.chunk.67bc0.css","previous":0,"size":1058,"diff":1058},{"filename":"bundle.e6b2b.js","previous":0,"size":14383,"diff":14383},{"filename":"route-doc.chunk.a9375.js","previous":0,"size":4620,"diff":4620},{"filename":"route-home.chunk.20738.js","previous":0,"size":4598,"diff":4598}]},{"timestamp":1647001335002,"files":[{"filename":"bundle.*****.esm.js","previous":14020,"size":14020,"diff":0},{"filename":"polyfills.*****.esm.js","previous":2150,"size":2150,"diff":0},{"filename":"route-home.chunk.*****.esm.js","previous":3695,"size":3695,"diff":0},{"filename":"route-notfound.chunk.c2e10.css","previous":65,"size":65,"diff":0},{"filename":"route-notfound.chunk.*****.esm.js","previous":250,"size":250,"diff":0},{"filename":"route-over.chunk.*****.esm.js","previous":1728,"size":1728,"diff":0},{"filename":"sw-esm.js","previous":10834,"size":10838,"diff":4},{"filename":"sw.js","previous":10828,"size":10831,"diff":3},{"filename":"polyfills.e0557.js","previous":2252,"size":2252,"diff":0},{"filename":"index.html","previous":1643,"size":1647,"diff":4},{"filename":"200.html","previous":746,"size":746,"diff":0},{"filename":"route-doc.chunk.*****.esm.js","previous":3650,"size":3650,"diff":0},{"filename":"route-doc.chunk.6bde8.css","previous":838,"size":838,"diff":0},{"filename":"route-notfound.chunk.8d38b.js","previous":255,"size":255,"diff":0},{"filename":"doc/index.html","previous":1641,"size":1645,"diff":4},{"filename":"over/index.html","previous":1639,"size":1640,"diff":1},{"filename":"dump/index.html","previous":1636,"size":1640,"diff":4},{"filename":"bundle.329fa.css","previous":806,"size":806,"diff":0},{"filename":"route-home.chunk.21b0e.css","previous":982,"size":982,"diff":0},{"filename":"route-over.chunk.36585.css","previous":359,"size":359,"diff":0},{"filename":"bundle.30587.js","previous":14361,"size":0,"diff":-14361},{"filename":"route-doc.chunk.094c0.js","previous":4632,"size":4632,"diff":0},{"filename":"route-home.chunk.9db69.js","previous":4493,"size":4493,"diff":0},{"filename":"route-over.chunk.6b67f.js","previous":1729,"size":1729,"diff":0},{"filename":"bundle.32f80.js","previous":0,"size":14362,"diff":14362}]},{"timestamp":1647000216636,"files":[{"filename":"bundle.*****.esm.js","previous":14033,"size":14020,"diff":-13},{"filename":"polyfills.*****.esm.js","previous":2150,"size":2150,"diff":0},{"filename":"route-home.chunk.*****.esm.js","previous":3615,"size":3695,"diff":80},{"filename":"route-notfound.chunk.c2e10.css","previous":65,"size":65,"diff":0},{"filename":"route-notfound.chunk.*****.esm.js","previous":250,"size":250,"diff":0},{"filename":"route-over.chunk.*****.esm.js","previous":1726,"size":1728,"diff":2},{"filename":"sw-esm.js","previous":10833,"size":10834,"diff":1},{"filename":"sw.js","previous":10825,"size":10828,"diff":3},{"filename":"polyfills.e0557.js","previous":2252,"size":2252,"diff":0},{"filename":"index.html","previous":1567,"size":1643,"diff":76},{"filename":"200.html","previous":746,"size":746,"diff":0},{"filename":"route-doc.chunk.*****.esm.js","previous":3694,"size":3650,"diff":-44},{"filename":"route-doc.chunk.6bde8.css","previous":838,"size":838,"diff":0},{"filename":"route-notfound.chunk.8d38b.js","previous":255,"size":255,"diff":0},{"filename":"bundle.92b4e.css","previous":743,"size":0,"diff":-743},{"filename":"route-over.chunk.ab2e1.css","previous":356,"size":0,"diff":-356},{"filename":"route-over.chunk.cd480.js","previous":1730,"size":0,"diff":-1730},{"filename":"route-home.chunk.0c051.css","previous":878,"size":0,"diff":-878},{"filename":"route-doc.chunk.51ed6.js","previous":4624,"size":0,"diff":-4624},{"filename":"bundle.eb586.js","previous":14371,"size":0,"diff":-14371},{"filename":"route-home.chunk.47b39.js","previous":4415,"size":0,"diff":-4415},{"filename":"doc/index.html","previous":1566,"size":1641,"diff":75},{"filename":"over/index.html","previous":1565,"size":1639,"diff":74},{"filename":"dump/index.html","previous":1562,"size":1636,"diff":74},{"filename":"bundle.329fa.css","previous":0,"size":806,"diff":806},{"filename":"route-home.chunk.21b0e.css","previous":0,"size":982,"diff":982},{"filename":"route-over.chunk.36585.css","previous":0,"size":359,"diff":359},{"filename":"bundle.30587.js","previous":0,"size":14361,"diff":14361},{"filename":"route-doc.chunk.094c0.js","previous":0,"size":4632,"diff":4632},{"filename":"route-home.chunk.9db69.js","previous":0,"size":4493,"diff":4493},{"filename":"route-over.chunk.6b67f.js","previous":0,"size":1729,"diff":1729}]},{"timestamp":1646938913385,"files":[{"filename":"bundle.*****.esm.js","previous":14032,"size":14033,"diff":1},{"filename":"polyfills.*****.esm.js","previous":2150,"size":2150,"diff":0},{"filename":"route-home.chunk.*****.esm.js","previous":3593,"size":3615,"diff":22},{"filename":"route-notfound.chunk.c2e10.css","previous":65,"size":65,"diff":0},{"filename":"route-notfound.chunk.*****.esm.js","previous":250,"size":250,"diff":0},{"filename":"route-over.chunk.*****.esm.js","previous":1726,"size":1726,"diff":0},{"filename":"sw-esm.js","previous":10835,"size":10833,"diff":-2},{"filename":"sw.js","previous":10826,"size":10825,"diff":-1},{"filename":"polyfills.e0557.js","previous":2252,"size":2252,"diff":0},{"filename":"index.html","previous":1569,"size":1567,"diff":-2},{"filename":"200.html","previous":746,"size":746,"diff":0},{"filename":"route-doc.chunk.*****.esm.js","previous":3694,"size":3694,"diff":0},{"filename":"route-doc.chunk.6bde8.css","previous":838,"size":838,"diff":0},{"filename":"route-notfound.chunk.8d38b.js","previous":255,"size":255,"diff":0},{"filename":"bundle.92b4e.css","previous":743,"size":743,"diff":0},{"filename":"route-over.chunk.ab2e1.css","previous":356,"size":356,"diff":0},{"filename":"route-over.chunk.cd480.js","previous":1730,"size":1730,"diff":0},{"filename":"route-home.chunk.0c051.css","previous":878,"size":878,"diff":0},{"filename":"bundle.43356.js","previous":14370,"size":0,"diff":-14370},{"filename":"route-doc.chunk.51ed6.js","previous":4624,"size":4624,"diff":0},{"filename":"route-home.chunk.ef947.js","previous":4397,"size":0,"diff":-4397},{"filename":"bundle.eb586.js","previous":0,"size":14371,"diff":14371},{"filename":"route-home.chunk.47b39.js","previous":0,"size":4415,"diff":4415},{"filename":"doc/index.html","previous":0,"size":1566,"diff":1566},{"filename":"over/index.html","previous":0,"size":1565,"diff":1565},{"filename":"dump/index.html","previous":0,"size":1562,"diff":1562}]},{"timestamp":1646938802392,"files":[{"filename":"bundle.*****.esm.js","previous":13612,"size":14032,"diff":420},{"filename":"polyfills.*****.esm.js","previous":2150,"size":2150,"diff":0},{"filename":"route-home.chunk.*****.esm.js","previous":3535,"size":3593,"diff":58},{"filename":"route-notfound.chunk.c2e10.css","previous":65,"size":65,"diff":0},{"filename":"route-notfound.chunk.*****.esm.js","previous":250,"size":250,"diff":0},{"filename":"route-over.chunk.*****.esm.js","previous":1726,"size":1726,"diff":0},{"filename":"sw-esm.js","previous":10831,"size":10835,"diff":4},{"filename":"sw.js","previous":10826,"size":10826,"diff":0},{"filename":"polyfills.e0557.js","previous":2252,"size":2252,"diff":0},{"filename":"index.html","previous":1565,"size":1569,"diff":4},{"filename":"200.html","previous":741,"size":746,"diff":5},{"filename":"route-doc.chunk.*****.esm.js","previous":3710,"size":3694,"diff":-16},{"filename":"doc/index.html","previous":1564,"size":0,"diff":-1564},{"filename":"over/index.html","previous":1563,"size":0,"diff":-1563},{"filename":"route-doc.chunk.6bde8.css","previous":838,"size":838,"diff":0},{"filename":"route-home.chunk.8c350.css","previous":860,"size":0,"diff":-860},{"filename":"route-notfound.chunk.8d38b.js","previous":255,"size":255,"diff":0},{"filename":"bundle.92b4e.css","previous":743,"size":743,"diff":0},{"filename":"route-over.chunk.ab2e1.css","previous":356,"size":356,"diff":0},{"filename":"bundle.efee5.js","previous":13945,"size":0,"diff":-13945},{"filename":"route-doc.chunk.12154.js","previous":4637,"size":0,"diff":-4637},{"filename":"route-home.chunk.c82f3.js","previous":4338,"size":0,"diff":-4338},{"filename":"route-over.chunk.cd480.js","previous":1730,"size":1730,"diff":0},{"filename":"route-home.chunk.0c051.css","previous":0,"size":878,"diff":878},{"filename":"bundle.43356.js","previous":0,"size":14370,"diff":14370},{"filename":"route-doc.chunk.51ed6.js","previous":0,"size":4624,"diff":4624},{"filename":"route-home.chunk.ef947.js","previous":0,"size":4397,"diff":4397}]},{"timestamp":1646929114201,"files":[{"filename":"bundle.*****.esm.js","previous":11958,"size":13612,"diff":1654},{"filename":"polyfills.*****.esm.js","previous":2150,"size":2150,"diff":0},{"filename":"route-home.chunk.*****.esm.js","previous":3597,"size":3535,"diff":-62},{"filename":"route-notfound.chunk.c2e10.css","previous":65,"size":65,"diff":0},{"filename":"route-notfound.chunk.*****.esm.js","previous":250,"size":250,"diff":0},{"filename":"route-over.chunk.*****.esm.js","previous":1733,"size":1726,"diff":-7},{"filename":"sw-esm.js","previous":10831,"size":10831,"diff":0},{"filename":"sw.js","previous":10827,"size":10826,"diff":-1},{"filename":"polyfills.e0557.js","previous":2252,"size":2252,"diff":0},{"filename":"index.html","previous":1552,"size":1565,"diff":13},{"filename":"200.html","previous":745,"size":741,"diff":-4},{"filename":"route-doc.chunk.*****.esm.js","previous":3568,"size":3710,"diff":142},{"filename":"doc/index.html","previous":1552,"size":1564,"diff":12},{"filename":"over/index.html","previous":1552,"size":1563,"diff":11},{"filename":"bundle.a3efd.css","previous":539,"size":0,"diff":-539},{"filename":"route-doc.chunk.6bde8.css","previous":838,"size":838,"diff":0},{"filename":"route-home.chunk.8c350.css","previous":860,"size":860,"diff":0},{"filename":"route-over.chunk.4696c.css","previous":521,"size":0,"diff":-521},{"filename":"route-doc.chunk.1d3a8.js","previous":4495,"size":0,"diff":-4495},{"filename":"route-notfound.chunk.8d38b.js","previous":255,"size":255,"diff":0},{"filename":"route-over.chunk.82452.js","previous":1734,"size":0,"diff":-1734},{"filename":"bundle.ed380.js","previous":12305,"size":0,"diff":-12305},{"filename":"route-home.chunk.4735c.js","previous":4397,"size":0,"diff":-4397},{"filename":"bundle.92b4e.css","previous":0,"size":743,"diff":743},{"filename":"route-over.chunk.ab2e1.css","previous":0,"size":356,"diff":356},{"filename":"bundle.efee5.js","previous":0,"size":13945,"diff":13945},{"filename":"route-doc.chunk.12154.js","previous":0,"size":4637,"diff":4637},{"filename":"route-home.chunk.c82f3.js","previous":0,"size":4338,"diff":4338},{"filename":"route-over.chunk.cd480.js","previous":0,"size":1730,"diff":1730}]},{"timestamp":1646061069847,"files":[{"filename":"bundle.*****.esm.js","previous":11891,"size":11958,"diff":67},{"filename":"polyfills.*****.esm.js","previous":2150,"size":2150,"diff":0},{"filename":"route-home.chunk.*****.esm.js","previous":3540,"size":3597,"diff":57},{"filename":"route-notfound.chunk.c2e10.css","previous":65,"size":65,"diff":0},{"filename":"route-notfound.chunk.*****.esm.js","previous":250,"size":250,"diff":0},{"filename":"route-over.chunk.*****.esm.js","previous":1733,"size":1733,"diff":0},{"filename":"sw-esm.js","previous":10835,"size":10831,"diff":-4},{"filename":"sw.js","previous":10831,"size":10827,"diff":-4},{"filename":"polyfills.e0557.js","previous":2252,"size":2252,"diff":0},{"filename":"index.html","previous":1551,"size":1552,"diff":1},{"filename":"200.html","previous":744,"size":745,"diff":1},{"filename":"route-doc.chunk.*****.esm.js","previous":3568,"size":3568,"diff":0},{"filename":"doc/index.html","previous":1551,"size":1552,"diff":1},{"filename":"over/index.html","previous":1551,"size":1552,"diff":1},{"filename":"bundle.a3efd.css","previous":539,"size":539,"diff":0},{"filename":"route-doc.chunk.6bde8.css","previous":838,"size":838,"diff":0},{"filename":"route-home.chunk.8c350.css","previous":860,"size":860,"diff":0},{"filename":"route-over.chunk.4696c.css","previous":521,"size":521,"diff":0},{"filename":"bundle.d4c4b.js","previous":11820,"size":0,"diff":-11820},{"filename":"route-doc.chunk.1d3a8.js","previous":4495,"size":4495,"diff":0},{"filename":"route-home.chunk.3d8c5.js","previous":4326,"size":0,"diff":-4326},{"filename":"route-notfound.chunk.8d38b.js","previous":255,"size":255,"diff":0},{"filename":"route-over.chunk.82452.js","previous":1734,"size":1734,"diff":0},{"filename":"bundle.ed380.js","previous":0,"size":12305,"diff":12305},{"filename":"route-home.chunk.4735c.js","previous":0,"size":4397,"diff":4397}]},{"timestamp":1646057412049,"files":[{"filename":"bundle.*****.esm.js","previous":8618,"size":11891,"diff":3273},{"filename":"polyfills.*****.esm.js","previous":2150,"size":2150,"diff":0},{"filename":"route-home.chunk.*****.esm.js","previous":2857,"size":3540,"diff":683},{"filename":"route-notfound.chunk.c2e10.css","previous":65,"size":65,"diff":0},{"filename":"route-notfound.chunk.*****.esm.js","previous":250,"size":250,"diff":0},{"filename":"route-over.chunk.*****.esm.js","previous":1733,"size":1733,"diff":0},{"filename":"sw-esm.js","previous":10829,"size":10835,"diff":6},{"filename":"sw.js","previous":10827,"size":10831,"diff":4},{"filename":"polyfills.e0557.js","previous":2252,"size":2252,"diff":0},{"filename":"index.html","previous":1583,"size":1551,"diff":-32},{"filename":"200.html","previous":752,"size":744,"diff":-8},{"filename":"route-doc.chunk.*****.esm.js","previous":3564,"size":3568,"diff":4},{"filename":"doc/index.html","previous":1755,"size":1551,"diff":-204},{"filename":"over/index.html","previous":2896,"size":1551,"diff":-1345},{"filename":"route-notfound.chunk.05419.js","previous":255,"size":0,"diff":-255},{"filename":"route-over.chunk.3f95c.css","previous":465,"size":0,"diff":-465},{"filename":"route-over.chunk.5167c.js","previous":1734,"size":0,"diff":-1734},{"filename":"bundle.9dba8.css","previous":540,"size":0,"diff":-540},{"filename":"route-doc.chunk.21a20.css","previous":849,"size":0,"diff":-849},{"filename":"route-home.chunk.21feb.css","previous":691,"size":0,"diff":-691},{"filename":"bundle.470af.js","previous":8616,"size":0,"diff":-8616},{"filename":"route-doc.chunk.eae15.js","previous":4490,"size":0,"diff":-4490},{"filename":"route-home.chunk.8d163.js","previous":3636,"size":0,"diff":-3636},{"filename":"bundle.a3efd.css","previous":0,"size":539,"diff":539},{"filename":"route-doc.chunk.6bde8.css","previous":0,"size":838,"diff":838},{"filename":"route-home.chunk.8c350.css","previous":0,"size":860,"diff":860},{"filename":"route-over.chunk.4696c.css","previous":0,"size":521,"diff":521},{"filename":"bundle.d4c4b.js","previous":0,"size":11820,"diff":11820},{"filename":"route-doc.chunk.1d3a8.js","previous":0,"size":4495,"diff":4495},{"filename":"route-home.chunk.3d8c5.js","previous":0,"size":4326,"diff":4326},{"filename":"route-notfound.chunk.8d38b.js","previous":0,"size":255,"diff":255},{"filename":"route-over.chunk.82452.js","previous":0,"size":1734,"diff":1734}]},{"timestamp":1645966794486,"files":[{"filename":"bundle.*****.esm.js","previous":8617,"size":8618,"diff":1},{"filename":"polyfills.*****.esm.js","previous":2150,"size":2150,"diff":0},{"filename":"route-home.chunk.*****.esm.js","previous":2705,"size":2857,"diff":152},{"filename":"route-notfound.chunk.c2e10.css","previous":65,"size":65,"diff":0},{"filename":"route-notfound.chunk.*****.esm.js","previous":250,"size":250,"diff":0},{"filename":"route-over.chunk.*****.esm.js","previous":1733,"size":1733,"diff":0},{"filename":"sw-esm.js","previous":10835,"size":10829,"diff":-6},{"filename":"sw.js","previous":10830,"size":10827,"diff":-3},{"filename":"polyfills.e0557.js","previous":2252,"size":2252,"diff":0},{"filename":"index.html","previous":1450,"size":1583,"diff":133},{"filename":"200.html","previous":754,"size":752,"diff":-2},{"filename":"route-doc.chunk.*****.esm.js","previous":3477,"size":3564,"diff":87},{"filename":"bundle.e6401.css","previous":510,"size":0,"diff":-510},{"filename":"doc/index.html","previous":1717,"size":1755,"diff":38},{"filename":"over/index.html","previous":2867,"size":2896,"diff":29},{"filename":"route-notfound.chunk.05419.js","previous":255,"size":255,"diff":0},{"filename":"route-over.chunk.3f95c.css","previous":465,"size":465,"diff":0},{"filename":"route-over.chunk.5167c.js","previous":1734,"size":1734,"diff":0},{"filename":"route-doc.chunk.dac27.css","previous":794,"size":0,"diff":-794},{"filename":"route-home.chunk.9bb00.css","previous":561,"size":0,"diff":-561},{"filename":"bundle.f8818.js","previous":8616,"size":0,"diff":-8616},{"filename":"route-doc.chunk.853ee.js","previous":4409,"size":0,"diff":-4409},{"filename":"route-home.chunk.f2f14.js","previous":3477,"size":0,"diff":-3477},{"filename":"bundle.9dba8.css","previous":0,"size":540,"diff":540},{"filename":"route-doc.chunk.21a20.css","previous":0,"size":849,"diff":849},{"filename":"route-home.chunk.21feb.css","previous":0,"size":691,"diff":691},{"filename":"bundle.470af.js","previous":0,"size":8616,"diff":8616},{"filename":"route-doc.chunk.eae15.js","previous":0,"size":4490,"diff":4490},{"filename":"route-home.chunk.8d163.js","previous":0,"size":3636,"diff":3636}]},{"timestamp":1645910763197,"files":[{"filename":"bundle.*****.esm.js","previous":8620,"size":8617,"diff":-3},{"filename":"polyfills.*****.esm.js","previous":2150,"size":2150,"diff":0},{"filename":"route-home.chunk.*****.esm.js","previous":2584,"size":2705,"diff":121},{"filename":"route-notfound.chunk.c2e10.css","previous":65,"size":65,"diff":0},{"filename":"route-notfound.chunk.*****.esm.js","previous":250,"size":250,"diff":0},{"filename":"route-over.chunk.*****.esm.js","previous":1733,"size":1733,"diff":0},{"filename":"sw-esm.js","previous":10832,"size":10835,"diff":3},{"filename":"sw.js","previous":10834,"size":10830,"diff":-4},{"filename":"polyfills.e0557.js","previous":2252,"size":2252,"diff":0},{"filename":"index.html","previous":1515,"size":1450,"diff":-65},{"filename":"200.html","previous":746,"size":754,"diff":8},{"filename":"route-doc.chunk.*****.esm.js","previous":3350,"size":3477,"diff":127},{"filename":"bundle.e6401.css","previous":510,"size":510,"diff":0},{"filename":"doc/index.html","previous":1638,"size":1717,"diff":79},{"filename":"over/index.html","previous":2856,"size":2867,"diff":11},{"filename":"route-notfound.chunk.05419.js","previous":255,"size":255,"diff":0},{"filename":"route-doc.chunk.fbea7.css","previous":747,"size":0,"diff":-747},{"filename":"route-home.chunk.86e82.css","previous":561,"size":0,"diff":-561},{"filename":"route-over.chunk.3f95c.css","previous":465,"size":465,"diff":0},{"filename":"bundle.f17e2.js","previous":8616,"size":0,"diff":-8616},{"filename":"route-doc.chunk.efa93.js","previous":4269,"size":0,"diff":-4269},{"filename":"route-home.chunk.611ca.js","previous":3344,"size":0,"diff":-3344},{"filename":"route-over.chunk.5167c.js","previous":1734,"size":1734,"diff":0},{"filename":"route-doc.chunk.dac27.css","previous":0,"size":794,"diff":794},{"filename":"route-home.chunk.9bb00.css","previous":0,"size":561,"diff":561},{"filename":"bundle.f8818.js","previous":0,"size":8616,"diff":8616},{"filename":"route-doc.chunk.853ee.js","previous":0,"size":4409,"diff":4409},{"filename":"route-home.chunk.f2f14.js","previous":0,"size":3477,"diff":3477}]},{"timestamp":1645894399082,"files":[{"filename":"bundle.*****.esm.js","previous":8616,"size":8620,"diff":4},{"filename":"polyfills.*****.esm.js","previous":2150,"size":2150,"diff":0},{"filename":"route-home.chunk.*****.esm.js","previous":2365,"size":2584,"diff":219},{"filename":"route-notfound.chunk.c2e10.css","previous":65,"size":65,"diff":0},{"filename":"route-notfound.chunk.*****.esm.js","previous":250,"size":250,"diff":0},{"filename":"route-over.chunk.*****.esm.js","previous":1733,"size":1733,"diff":0},{"filename":"sw-esm.js","previous":10832,"size":10832,"diff":0},{"filename":"sw.js","previous":10832,"size":10834,"diff":2},{"filename":"polyfills.e0557.js","previous":2252,"size":2252,"diff":0},{"filename":"index.html","previous":1451,"size":1515,"diff":64},{"filename":"200.html","previous":748,"size":746,"diff":-2},{"filename":"route-over.chunk.d0aba.css","previous":465,"size":0,"diff":-465},{"filename":"route-doc.chunk.*****.esm.js","previous":3001,"size":3350,"diff":349},{"filename":"bundle.e6401.css","previous":510,"size":510,"diff":0},{"filename":"doc/index.html","previous":1613,"size":1638,"diff":25},{"filename":"over/index.html","previous":2857,"size":2856,"diff":-1},{"filename":"route-doc.chunk.60cac.css","previous":609,"size":0,"diff":-609},{"filename":"route-notfound.chunk.05419.js","previous":255,"size":255,"diff":0},{"filename":"route-over.chunk.a2297.js","previous":1734,"size":0,"diff":-1734},{"filename":"route-home.chunk.2f594.css","previous":386,"size":0,"diff":-386},{"filename":"route-doc.chunk.03782.js","previous":3926,"size":0,"diff":-3926},{"filename":"route-home.chunk.5860b.js","previous":3117,"size":0,"diff":-3117},{"filename":"bundle.74f34.js","previous":8616,"size":0,"diff":-8616},{"filename":"route-doc.chunk.fbea7.css","previous":0,"size":747,"diff":747},{"filename":"route-home.chunk.86e82.css","previous":0,"size":561,"diff":561},{"filename":"route-over.chunk.3f95c.css","previous":0,"size":465,"diff":465},{"filename":"bundle.f17e2.js","previous":0,"size":8616,"diff":8616},{"filename":"route-doc.chunk.efa93.js","previous":0,"size":4269,"diff":4269},{"filename":"route-home.chunk.611ca.js","previous":0,"size":3344,"diff":3344},{"filename":"route-over.chunk.5167c.js","previous":0,"size":1734,"diff":1734}]},{"timestamp":1645880465295,"files":[{"filename":"bundle.*****.esm.js","previous":8644,"size":8616,"diff":-28},{"filename":"polyfills.*****.esm.js","previous":2150,"size":2150,"diff":0},{"filename":"route-home.chunk.*****.esm.js","previous":2365,"size":2365,"diff":0},{"filename":"route-notfound.chunk.c2e10.css","previous":65,"size":65,"diff":0},{"filename":"route-notfound.chunk.*****.esm.js","previous":250,"size":250,"diff":0},{"filename":"route-over.chunk.*****.esm.js","previous":1733,"size":1733,"diff":0},{"filename":"sw-esm.js","previous":10834,"size":10832,"diff":-2},{"filename":"sw.js","previous":10830,"size":10832,"diff":2},{"filename":"polyfills.e0557.js","previous":2252,"size":2252,"diff":0},{"filename":"index.html","previous":1449,"size":1451,"diff":2},{"filename":"200.html","previous":746,"size":748,"diff":2},{"filename":"route-over.chunk.d0aba.css","previous":465,"size":465,"diff":0},{"filename":"route-doc.chunk.*****.esm.js","previous":3001,"size":3001,"diff":0},{"filename":"bundle.e6401.css","previous":510,"size":510,"diff":0},{"filename":"doc/index.html","previous":1611,"size":1613,"diff":2},{"filename":"over/index.html","previous":2856,"size":2857,"diff":1},{"filename":"route-doc.chunk.60cac.css","previous":609,"size":609,"diff":0},{"filename":"route-notfound.chunk.05419.js","previous":255,"size":255,"diff":0},{"filename":"route-over.chunk.a2297.js","previous":1734,"size":1734,"diff":0},{"filename":"route-home.chunk.2f594.css","previous":386,"size":386,"diff":0},{"filename":"bundle.ac760.js","previous":8645,"size":0,"diff":-8645},{"filename":"route-doc.chunk.03782.js","previous":3926,"size":3926,"diff":0},{"filename":"route-home.chunk.5860b.js","previous":3117,"size":3117,"diff":0},{"filename":"bundle.74f34.js","previous":0,"size":8616,"diff":8616}]},{"timestamp":1645880438848,"files":[{"filename":"bundle.*****.esm.js","previous":8598,"size":8644,"diff":46},{"filename":"polyfills.*****.esm.js","previous":2150,"size":2150,"diff":0},{"filename":"route-home.chunk.*****.esm.js","previous":2196,"size":2365,"diff":169},{"filename":"route-notfound.chunk.c2e10.css","previous":65,"size":65,"diff":0},{"filename":"route-notfound.chunk.*****.esm.js","previous":250,"size":250,"diff":0},{"filename":"route-over.chunk.*****.esm.js","previous":1733,"size":1733,"diff":0},{"filename":"sw-esm.js","previous":10836,"size":10834,"diff":-2},{"filename":"sw.js","previous":10831,"size":10830,"diff":-1},{"filename":"polyfills.e0557.js","previous":2252,"size":2252,"diff":0},{"filename":"index.html","previous":1443,"size":1449,"diff":6},{"filename":"200.html","previous":747,"size":746,"diff":-1},{"filename":"route-over.chunk.d0aba.css","previous":465,"size":465,"diff":0},{"filename":"route-doc.chunk.*****.esm.js","previous":3008,"size":3001,"diff":-7},{"filename":"bundle.e6401.css","previous":510,"size":510,"diff":0},{"filename":"route-home.chunk.a928f.css","previous":350,"size":0,"diff":-350},{"filename":"doc/index.html","previous":1612,"size":1611,"diff":-1},{"filename":"over/index.html","previous":2857,"size":2856,"diff":-1},{"filename":"route-doc.chunk.60cac.css","previous":609,"size":609,"diff":0},{"filename":"bundle.14d42.js","previous":8473,"size":0,"diff":-8473},{"filename":"route-doc.chunk.ad67a.js","previous":3935,"size":0,"diff":-3935},{"filename":"route-home.chunk.cdb76.js","previous":2956,"size":0,"diff":-2956},{"filename":"route-notfound.chunk.05419.js","previous":255,"size":255,"diff":0},{"filename":"route-over.chunk.a2297.js","previous":1734,"size":1734,"diff":0},{"filename":"route-home.chunk.2f594.css","previous":0,"size":386,"diff":386},{"filename":"bundle.ac760.js","previous":0,"size":8645,"diff":8645},{"filename":"route-doc.chunk.03782.js","previous":0,"size":3926,"diff":3926},{"filename":"route-home.chunk.5860b.js","previous":0,"size":3117,"diff":3117}]},{"timestamp":1645879028062,"files":[{"filename":"bundle.*****.esm.js","previous":8759,"size":8598,"diff":-161},{"filename":"polyfills.*****.esm.js","previous":2150,"size":2150,"diff":0},{"filename":"route-home.chunk.*****.esm.js","previous":4952,"size":2196,"diff":-2756},{"filename":"route-notfound.chunk.c2e10.css","previous":65,"size":65,"diff":0},{"filename":"route-notfound.chunk.*****.esm.js","previous":250,"size":250,"diff":0},{"filename":"route-over.chunk.*****.esm.js","previous":1733,"size":1733,"diff":0},{"filename":"sw-esm.js","previous":10832,"size":10836,"diff":4},{"filename":"sw.js","previous":10830,"size":10831,"diff":1},{"filename":"polyfills.e0557.js","previous":2252,"size":2252,"diff":0},{"filename":"index.html","previous":1444,"size":1443,"diff":-1},{"filename":"200.html","previous":744,"size":747,"diff":3},{"filename":"route-over.chunk.d0aba.css","previous":465,"size":465,"diff":0},{"filename":"route-doc.chunk.*****.esm.js","previous":2758,"size":3008,"diff":250},{"filename":"bundle.e6401.css","previous":510,"size":510,"diff":0},{"filename":"route-home.chunk.a928f.css","previous":350,"size":350,"diff":0},{"filename":"doc/index.html","previous":1580,"size":1612,"diff":32},{"filename":"over/index.html","previous":2857,"size":2857,"diff":0},{"filename":"route-doc.chunk.bae48.css","previous":456,"size":0,"diff":-456},{"filename":"bundle.7237b.js","previous":8654,"size":0,"diff":-8654},{"filename":"route-doc.chunk.75e5c.js","previous":3691,"size":0,"diff":-3691},{"filename":"route-home.chunk.e229f.js","previous":5681,"size":0,"diff":-5681},{"filename":"route-notfound.chunk.8d38b.js","previous":255,"size":0,"diff":-255},{"filename":"route-over.chunk.865f7.js","previous":1734,"size":0,"diff":-1734},{"filename":"route-doc.chunk.60cac.css","previous":0,"size":609,"diff":609},{"filename":"bundle.14d42.js","previous":0,"size":8473,"diff":8473},{"filename":"route-doc.chunk.ad67a.js","previous":0,"size":3935,"diff":3935},{"filename":"route-home.chunk.cdb76.js","previous":0,"size":2956,"diff":2956},{"filename":"route-notfound.chunk.05419.js","previous":0,"size":255,"diff":255},{"filename":"route-over.chunk.a2297.js","previous":0,"size":1734,"diff":1734}]},{"timestamp":1645872543571,"files":[{"filename":"bundle.*****.esm.js","previous":8609,"size":8759,"diff":150},{"filename":"polyfills.*****.esm.js","previous":2150,"size":2150,"diff":0},{"filename":"route-home.chunk.*****.esm.js","previous":2277,"size":4952,"diff":2675},{"filename":"route-notfound.chunk.c2e10.css","previous":65,"size":65,"diff":0},{"filename":"route-notfound.chunk.*****.esm.js","previous":250,"size":250,"diff":0},{"filename":"route-over.chunk.*****.esm.js","previous":1819,"size":1733,"diff":-86},{"filename":"sw-esm.js","previous":10838,"size":10832,"diff":-6},{"filename":"sw.js","previous":10833,"size":10830,"diff":-3},{"filename":"polyfills.e0557.js","previous":2252,"size":2252,"diff":0},{"filename":"index.html","previous":1442,"size":1444,"diff":2},{"filename":"200.html","previous":746,"size":744,"diff":-2},{"filename":"route-over.chunk.d0aba.css","previous":465,"size":465,"diff":0},{"filename":"route-doc.chunk.*****.esm.js","previous":2602,"size":2758,"diff":156},{"filename":"route-notfound.chunk.05419.js","previous":255,"size":0,"diff":-255},{"filename":"route-over.chunk.611ed.js","previous":2332,"size":0,"diff":-2332},{"filename":"bundle.e6401.css","previous":510,"size":510,"diff":0},{"filename":"route-doc.chunk.86704.css","previous":426,"size":0,"diff":-426},{"filename":"route-home.chunk.a928f.css","previous":350,"size":350,"diff":0},{"filename":"bundle.1f5e0.js","previous":8489,"size":0,"diff":-8489},{"filename":"route-doc.chunk.ca724.js","previous":3503,"size":0,"diff":-3503},{"filename":"route-home.chunk.7e951.js","previous":3039,"size":0,"diff":-3039},{"filename":"doc/index.html","previous":1579,"size":1580,"diff":1},{"filename":"over/index.html","previous":2856,"size":2857,"diff":1},{"filename":"route-doc.chunk.bae48.css","previous":0,"size":456,"diff":456},{"filename":"bundle.7237b.js","previous":0,"size":8654,"diff":8654},{"filename":"route-doc.chunk.75e5c.js","previous":0,"size":3691,"diff":3691},{"filename":"route-home.chunk.e229f.js","previous":0,"size":5681,"diff":5681},{"filename":"route-notfound.chunk.8d38b.js","previous":0,"size":255,"diff":255},{"filename":"route-over.chunk.865f7.js","previous":0,"size":1734,"diff":1734}]},{"timestamp":1645831679069,"files":[{"filename":"bundle.*****.esm.js","previous":8648,"size":8609,"diff":-39},{"filename":"polyfills.*****.esm.js","previous":2150,"size":2150,"diff":0},{"filename":"route-home.chunk.*****.esm.js","previous":2212,"size":2277,"diff":65},{"filename":"route-notfound.chunk.c2e10.css","previous":65,"size":65,"diff":0},{"filename":"route-notfound.chunk.*****.esm.js","previous":250,"size":250,"diff":0},{"filename":"route-over.chunk.*****.esm.js","previous":1819,"size":1819,"diff":0},{"filename":"sw-esm.js","previous":10832,"size":10838,"diff":6},{"filename":"sw.js","previous":10832,"size":10833,"diff":1},{"filename":"polyfills.e0557.js","previous":2252,"size":2252,"diff":0},{"filename":"index.html","previous":1450,"size":1442,"diff":-8},{"filename":"200.html","previous":749,"size":746,"diff":-3},{"filename":"route-over.chunk.d0aba.css","previous":465,"size":465,"diff":0},{"filename":"route-doc.chunk.*****.esm.js","previous":2556,"size":2602,"diff":46},{"filename":"route-notfound.chunk.05419.js","previous":255,"size":255,"diff":0},{"filename":"route-over.chunk.611ed.js","previous":2332,"size":2332,"diff":0},{"filename":"bundle.e6401.css","previous":510,"size":510,"diff":0},{"filename":"route-doc.chunk.86704.css","previous":426,"size":426,"diff":0},{"filename":"route-home.chunk.e0278.css","previous":347,"size":0,"diff":-347},{"filename":"bundle.32513.js","previous":8527,"size":0,"diff":-8527},{"filename":"route-doc.chunk.002ac.js","previous":3453,"size":0,"diff":-3453},{"filename":"route-home.chunk.4d970.js","previous":2991,"size":0,"diff":-2991},{"filename":"route-home.chunk.a928f.css","previous":0,"size":350,"diff":350},{"filename":"bundle.1f5e0.js","previous":0,"size":8489,"diff":8489},{"filename":"route-doc.chunk.ca724.js","previous":0,"size":3503,"diff":3503},{"filename":"route-home.chunk.7e951.js","previous":0,"size":3039,"diff":3039},{"filename":"doc/index.html","previous":0,"size":1579,"diff":1579},{"filename":"over/index.html","previous":0,"size":2856,"diff":2856}]},{"timestamp":1645829999243,"files":[{"filename":"bundle.*****.esm.js","previous":8632,"size":8648,"diff":16},{"filename":"polyfills.*****.esm.js","previous":2150,"size":2150,"diff":0},{"filename":"route-home.chunk.*****.esm.js","previous":2158,"size":2212,"diff":54},{"filename":"route-notfound.chunk.c2e10.css","previous":65,"size":65,"diff":0},{"filename":"route-notfound.chunk.*****.esm.js","previous":250,"size":250,"diff":0},{"filename":"route-over.chunk.*****.esm.js","previous":1819,"size":1819,"diff":0},{"filename":"sw-esm.js","previous":10835,"size":10832,"diff":-3},{"filename":"sw.js","previous":10832,"size":10832,"diff":0},{"filename":"polyfills.e0557.js","previous":2252,"size":2252,"diff":0},{"filename":"index.html","previous":1373,"size":1450,"diff":77},{"filename":"200.html","previous":747,"size":749,"diff":2},{"filename":"bundle.3f0d1.css","previous":441,"size":0,"diff":-441},{"filename":"route-over.chunk.d0aba.css","previous":465,"size":465,"diff":0},{"filename":"route-doc.chunk.*****.esm.js","previous":1761,"size":2556,"diff":795},{"filename":"route-home.chunk.103c2.css","previous":253,"size":0,"diff":-253},{"filename":"route-notfound.chunk.05419.js","previous":255,"size":255,"diff":0},{"filename":"route-doc.chunk.372cd.css","previous":236,"size":0,"diff":-236},{"filename":"bundle.ac486.js","previous":8510,"size":0,"diff":-8510},{"filename":"route-doc.chunk.a5c65.js","previous":2652,"size":0,"diff":-2652},{"filename":"route-home.chunk.19494.js","previous":2942,"size":0,"diff":-2942},{"filename":"route-over.chunk.611ed.js","previous":2332,"size":2332,"diff":0},{"filename":"bundle.e6401.css","previous":0,"size":510,"diff":510},{"filename":"route-doc.chunk.86704.css","previous":0,"size":426,"diff":426},{"filename":"route-home.chunk.e0278.css","previous":0,"size":347,"diff":347},{"filename":"bundle.32513.js","previous":0,"size":8527,"diff":8527},{"filename":"route-doc.chunk.002ac.js","previous":0,"size":3453,"diff":3453},{"filename":"route-home.chunk.4d970.js","previous":0,"size":2991,"diff":2991}]},{"timestamp":1645807193865,"files":[{"filename":"bundle.*****.esm.js","previous":8630,"size":8632,"diff":2},{"filename":"polyfills.*****.esm.js","previous":2150,"size":2150,"diff":0},{"filename":"route-home.chunk.*****.esm.js","previous":2124,"size":2158,"diff":34},{"filename":"route-notfound.chunk.c2e10.css","previous":65,"size":65,"diff":0},{"filename":"route-notfound.chunk.*****.esm.js","previous":250,"size":250,"diff":0},{"filename":"route-over.chunk.*****.esm.js","previous":1816,"size":1819,"diff":3},{"filename":"sw-esm.js","previous":10834,"size":10835,"diff":1},{"filename":"sw.js","previous":10831,"size":10832,"diff":1},{"filename":"polyfills.e0557.js","previous":2252,"size":2252,"diff":0},{"filename":"index.html","previous":1372,"size":1373,"diff":1},{"filename":"200.html","previous":747,"size":747,"diff":0},{"filename":"bundle.3f0d1.css","previous":441,"size":441,"diff":0},{"filename":"route-over.chunk.d0aba.css","previous":465,"size":465,"diff":0},{"filename":"route-doc.chunk.695fd.css","previous":78,"size":0,"diff":-78},{"filename":"route-doc.chunk.*****.esm.js","previous":396,"size":1761,"diff":1365},{"filename":"route-home.chunk.103c2.css","previous":253,"size":253,"diff":0},{"filename":"bundle.0f34a.js","previous":8510,"size":0,"diff":-8510},{"filename":"route-doc.chunk.c4741.js","previous":911,"size":0,"diff":-911},{"filename":"route-home.chunk.e1d98.js","previous":2909,"size":0,"diff":-2909},{"filename":"route-notfound.chunk.05419.js","previous":255,"size":255,"diff":0},{"filename":"route-over.chunk.6c0d5.js","previous":2332,"size":0,"diff":-2332},{"filename":"route-doc.chunk.372cd.css","previous":0,"size":236,"diff":236},{"filename":"bundle.ac486.js","previous":0,"size":8510,"diff":8510},{"filename":"route-doc.chunk.a5c65.js","previous":0,"size":2652,"diff":2652},{"filename":"route-home.chunk.19494.js","previous":0,"size":2942,"diff":2942},{"filename":"route-over.chunk.611ed.js","previous":0,"size":2332,"diff":2332}]},{"timestamp":1645719357651,"files":[{"filename":"bundle.*****.esm.js","previous":8634,"size":8630,"diff":-4},{"filename":"polyfills.*****.esm.js","previous":2150,"size":2150,"diff":0},{"filename":"route-home.chunk.*****.esm.js","previous":2447,"size":2124,"diff":-323},{"filename":"route-notfound.chunk.c2e10.css","previous":65,"size":65,"diff":0},{"filename":"route-notfound.chunk.*****.esm.js","previous":251,"size":250,"diff":-1},{"filename":"route-over.chunk.*****.esm.js","previous":1838,"size":1816,"diff":-22},{"filename":"route-profile.chunk.141aa.css","previous":78,"size":0,"diff":-78},{"filename":"route-profile.chunk.*****.esm.js","previous":395,"size":0,"diff":-395},{"filename":"sw-esm.js","previous":10824,"size":10834,"diff":10},{"filename":"sw.js","previous":10820,"size":10831,"diff":11},{"filename":"polyfills.e0557.js","previous":2252,"size":2252,"diff":0},{"filename":"route-notfound.chunk.fd0d3.js","previous":256,"size":0,"diff":-256},{"filename":"route-profile.chunk.79019.js","previous":912,"size":0,"diff":-912},{"filename":"index.html","previous":1371,"size":1372,"diff":1},{"filename":"200.html","previous":763,"size":747,"diff":-16},{"filename":"bundle.3f0d1.css","previous":441,"size":441,"diff":0},{"filename":"route-home.chunk.f9a3d.css","previous":182,"size":0,"diff":-182},{"filename":"route-over.chunk.d0aba.css","previous":465,"size":465,"diff":0},{"filename":"bundle.1ce70.js","previous":8510,"size":0,"diff":-8510},{"filename":"route-home.chunk.cb84e.js","previous":3143,"size":0,"diff":-3143},{"filename":"route-over.chunk.d1111.js","previous":2350,"size":0,"diff":-2350},{"filename":"route-doc.chunk.695fd.css","previous":0,"size":78,"diff":78},{"filename":"route-doc.chunk.*****.esm.js","previous":0,"size":396,"diff":396},{"filename":"route-home.chunk.103c2.css","previous":0,"size":253,"diff":253},{"filename":"bundle.0f34a.js","previous":0,"size":8510,"diff":8510},{"filename":"route-doc.chunk.c4741.js","previous":0,"size":911,"diff":911},{"filename":"route-home.chunk.e1d98.js","previous":0,"size":2909,"diff":2909},{"filename":"route-notfound.chunk.05419.js","previous":0,"size":255,"diff":255},{"filename":"route-over.chunk.6c0d5.js","previous":0,"size":2332,"diff":2332}]},{"timestamp":1645659407149,"files":[{"filename":"bundle.*****.esm.js","previous":8671,"size":8634,"diff":-37},{"filename":"polyfills.*****.esm.js","previous":2191,"size":2150,"diff":-41},{"filename":"route-home.chunk.*****.esm.js","previous":2497,"size":2447,"diff":-50},{"filename":"route-notfound.chunk.c2e10.css","previous":65,"size":65,"diff":0},{"filename":"route-notfound.chunk.*****.esm.js","previous":296,"size":251,"diff":-45},{"filename":"route-over.chunk.*****.esm.js","previous":1879,"size":1838,"diff":-41},{"filename":"route-profile.chunk.141aa.css","previous":78,"size":78,"diff":0},{"filename":"route-profile.chunk.*****.esm.js","previous":439,"size":395,"diff":-44},{"filename":"sw-esm.js","previous":10855,"size":10824,"diff":-31},{"filename":"sw.js","previous":10849,"size":10820,"diff":-29},{"filename":"polyfills.e0557.js","previous":2290,"size":2252,"diff":-38},{"filename":"route-notfound.chunk.fd0d3.js","previous":294,"size":256,"diff":-38},{"filename":"route-profile.chunk.79019.js","previous":954,"size":912,"diff":-42},{"filename":"index.html","previous":1371,"size":1371,"diff":0},{"filename":"200.html","previous":763,"size":763,"diff":0},{"filename":"bundle.3f0d1.css","previous":441,"size":441,"diff":0},{"filename":"route-home.chunk.f9a3d.css","previous":182,"size":182,"diff":0},{"filename":"route-over.chunk.d0aba.css","previous":465,"size":465,"diff":0},{"filename":"bundle.1ce70.js","previous":8548,"size":8510,"diff":-38},{"filename":"route-home.chunk.cb84e.js","previous":3185,"size":3143,"diff":-42},{"filename":"route-over.chunk.d1111.js","previous":2390,"size":2350,"diff":-40}]},{"timestamp":1645658894175,"files":[{"filename":"bundle.71f40.css","previous":452,"size":0,"diff":-452},{"filename":"bundle.*****.esm.js","previous":8655,"size":8671,"diff":16},{"filename":"polyfills.*****.esm.js","previous":2191,"size":2191,"diff":0},{"filename":"route-home.chunk.8aeee.css","previous":75,"size":0,"diff":-75},{"filename":"route-home.chunk.*****.esm.js","previous":253,"size":2497,"diff":2244},{"filename":"route-notfound.chunk.c2e10.css","previous":65,"size":65,"diff":0},{"filename":"route-notfound.chunk.*****.esm.js","previous":296,"size":296,"diff":0},{"filename":"route-over.chunk.fac0a.css","previous":78,"size":0,"diff":-78},{"filename":"route-over.chunk.*****.esm.js","previous":1626,"size":1879,"diff":253},{"filename":"route-profile.chunk.141aa.css","previous":78,"size":78,"diff":0},{"filename":"route-profile.chunk.*****.esm.js","previous":439,"size":439,"diff":0},{"filename":"sw-esm.js","previous":10862,"size":10855,"diff":-7},{"filename":"sw.js","previous":10856,"size":10849,"diff":-7},{"filename":"bundle.3ef1d.js","previous":8535,"size":0,"diff":-8535},{"filename":"polyfills.e0557.js","previous":2290,"size":2290,"diff":0},{"filename":"route-home.chunk.9224f.js","previous":256,"size":0,"diff":-256},{"filename":"route-notfound.chunk.fd0d3.js","previous":294,"size":294,"diff":0},{"filename":"route-over.chunk.7ac71.js","previous":2138,"size":0,"diff":-2138},{"filename":"route-profile.chunk.79019.js","previous":954,"size":954,"diff":0},{"filename":"index.html","previous":1074,"size":1371,"diff":297},{"filename":"200.html","previous":645,"size":763,"diff":118},{"filename":"bundle.3f0d1.css","previous":0,"size":441,"diff":441},{"filename":"route-home.chunk.f9a3d.css","previous":0,"size":182,"diff":182},{"filename":"route-over.chunk.d0aba.css","previous":0,"size":465,"diff":465},{"filename":"bundle.1ce70.js","previous":0,"size":8548,"diff":8548},{"filename":"route-home.chunk.cb84e.js","previous":0,"size":3185,"diff":3185},{"filename":"route-over.chunk.d1111.js","previous":0,"size":2390,"diff":2390}]},{"timestamp":1645634052500,"files":[{"filename":"ssr-build/ssr-bundle.569c3.css","previous":619,"size":0,"diff":-619},{"filename":"ssr-build/ssr-bundle.js","previous":5453,"size":0,"diff":-5453},{"filename":"bundle.71f40.css","previous":0,"size":452,"diff":452},{"filename":"bundle.*****.esm.js","previous":0,"size":8655,"diff":8655},{"filename":"polyfills.*****.esm.js","previous":0,"size":2191,"diff":2191},{"filename":"route-home.chunk.8aeee.css","previous":0,"size":75,"diff":75},{"filename":"route-home.chunk.*****.esm.js","previous":0,"size":253,"diff":253},{"filename":"route-notfound.chunk.c2e10.css","previous":0,"size":65,"diff":65},{"filename":"route-notfound.chunk.*****.esm.js","previous":0,"size":296,"diff":296},{"filename":"route-over.chunk.fac0a.css","previous":0,"size":78,"diff":78},{"filename":"route-over.chunk.*****.esm.js","previous":0,"size":1626,"diff":1626},{"filename":"route-profile.chunk.141aa.css","previous":0,"size":78,"diff":78},{"filename":"route-profile.chunk.*****.esm.js","previous":0,"size":439,"diff":439},{"filename":"sw-esm.js","previous":0,"size":10862,"diff":10862},{"filename":"sw.js","previous":0,"size":10856,"diff":10856},{"filename":"bundle.3ef1d.js","previous":0,"size":8535,"diff":8535},{"filename":"polyfills.e0557.js","previous":0,"size":2290,"diff":2290},{"filename":"route-home.chunk.9224f.js","previous":0,"size":256,"diff":256},{"filename":"route-notfound.chunk.fd0d3.js","previous":0,"size":294,"diff":294},{"filename":"route-over.chunk.7ac71.js","previous":0,"size":2138,"diff":2138},{"filename":"route-profile.chunk.79019.js","previous":0,"size":954,"diff":954},{"filename":"index.html","previous":0,"size":1074,"diff":1074},{"filename":"200.html","previous":0,"size":645,"diff":645}]}]
